?|90288
A2ML1|144568
ABAT|18
ABCA13|154664
ABCC11|85320
ABCC8|6833
ABCG1|9619
ABCG2|9429
ABLIM3|22885
ABTB2|25841
ACADSB|36
ACE2|59272
ACOT4|122970
ACOX2|8309
ACTL6A|86
ACTR3B|57180
ACVR1B|91
ADAMTS15|170689
ADCY9|115
ADD1|118
AFF3|3899
AGR2|10551
AGR3|155465
AKR1E2|83592
AKR7A3|22977
ALAD|210
AMD1|262
AMY1A|276
ANKLE1|126549
ANKMY1|51281
ANKRA2|57763
ANKRD30A|91074
ANKRD30B|374860
ANKRD42|338699
ANKRD45|339416
ANKS6|203286
ANLN|54443
ANP32E|81611
ANXA8L2|244
ANXA9|8416
APBB2|323
APH1B|83464
APPL2|55198
ARHGAP11A|9824
ARHGEF4|50649
ARL9|132946
ARSG|22901
ART3|419
AR|367
ASNS|440
ASTN2|23245
ATAD2|29028
ATL2|64225
ATOH7|220202
ATP1B3|483
ATP5C1|509
ATP6V1C2|245973
ATP7B|540
ATP8B1|5205
AURKA|6790
AURKB|9212
B3GNT4|79369
B3GNT5|84002
BAIAP2L2|80115
BBOX1|8424
BBS1|582
BBS4|585
BBS5|129880
BCAM|4059
BCAS1|8537
BCL11A|53335
BCL2|596
BECN1|8678
BHLHE40|8553
BIRC5|332
BLM|641
BPI|671
BRIX1|55299
BTG2|7832
BTG3|10950
BUB1|699
BYSL|705
C10orf116|10974
C10orf26|54838
C10orf32|119032
C10orf90|118611
C11orf75|56935
C11orf82|220042
C11orf86|254439
C12orf11|55726
C12orf48|55010
C12orf72|254013
C13orf27|93081
C14orf174|161394
C14orf45|80127
C15orf23|90417
C15orf42|90381
C16orf45|89927
C16orf57|79650
C16orf61|56942
C16orf71|146562
C17orf28|283987
C19orf51|352909
C1QL2|165257
C1QL4|338761
C1orf106|55765
C1orf112|55732
C1orf135|79000
C1orf64|149563
C20orf114|92747
C20orf26|26074
C22orf23|84645
C2orf40|84417
C2orf55|343990
C2orf71|388939
C3orf26|84319
C4orf32|132720
C4orf34|201895
C5orf30|90355
C5orf36|285600
C5orf53|492311
C6orf153|88745
C6orf15|29113
C6orf211|79624
C6orf218|221718
C6orf97|80129
C7orf63|79846
C8orf47|203111
C8orf76|84933
C9orf100|84904
C9orf116|138162
C9orf152|401546
C9orf170|401535
C9orf30|91283
C9orf40|55071
C9orf53|51198
C9orf64|84267
C9orf98|158067
CA12|771
CA6|765
CA9|768
CACNA2D2|9254
CACYBP|27101
CALCOCO1|57658
CAMKV|79012
CAPN11|11131
CAPN13|92291
CAPN8|388743
CASC1|55259
CBX2|84733
CBX7|23492
CCDC125|202243
CCDC129|223075
CCDC150|284992
CCDC30|728621
CCDC48|79825
CCDC74B|91409
CCDC77|84318
CCDC82|79780
CCDC96|257236
CCDC99|54908
CCKBR|887
CCNA2|890
CCNB1|891
CCNB2|9133
CCNDBP1|23582
CCNE1|898
CCNG2|901
CCT4|10575
CCT5|22948
CCT6A|908
CDC123|8872
CDC20|991
CDC25A|993
CDC25B|994
CDC45|8318
CDC6|990
CDC7|8317
CDCA2|157313
CDCA3|83461
CDCA5|113130
CDCA7|83879
CDCA8|55143
CDK1|983
CDK2AP1|8099
CDKN2A|1029
CDKN3|1033
CEBPB|1051
CENPA|1058
CENPE|1062
CENPF|1063
CENPL|91687
CENPN|55839
CENPO|79172
CENPW|387103
CEP55|55165
CGRRF1|10668
CHAC2|494143
CHAD|1101
CHAF1B|8208
CHEK1|1111
CHEK2|11200
CHODL|140578
CHRD|8646
CHRM3|1131
CHRNA5|1138
CHST2|9435
CHST3|9469
CIRBP|1153
CIRH1A|84916
CKS1B|1163
CKS2|1164
CLCN4|1183
CLDN11|5010
CLDN19|149461
CLSTN2|64084
CMBL|134147
CMTM7|112616
CMYA5|202333
CNGA1|1259
CNGB1|1258
CNN1|1264
CNTNAP3|79937
COG2|22796
COL11A2|1302
COL22A1|169044
COQ7|10229
CPA4|51200
CPEB2|132864
CPLX1|10815
CPSF3|51692
CRHR1|1394
CRIP1|1396
CROT|54677
CRY2|1408
CSDA|8531
CSRP2|1466
CSTB|1476
CT62|196993
CTPS|1503
CX3CL1|6376
CXCL1|2919
CXCL3|2921
CXCL5|6374
CXXC5|51523
CXorf49B|100132994
CXorf61|203413
CYB5D2|124936
CYB5R1|51706
CYBRD1|79901
CYP27C1|339761
CYP2B7P1|1556
CYP39A1|51302
CYP4B1|1580
CYP4Z2P|163720
DACH1|1602
DALRD3|55152
DAZAP2|9802
DBF4|10926
DCAF13|25879
DDN|23109
DEGS2|123099
DEK|7913
DEPDC1B|55789
DEPDC1|55635
DIAPH3|81624
DKC1|1736
DLX6AS|285987
DLX6|1750
DMRT1|1761
DMRTA2|63950
DNAH7|56171
DNAJB11|51726
DNAJC12|56521
DNAJC2|27000
DNAJC9|23234
DNAL1|83544
DNALI1|7802
DNER|92737
DNMBP|23268
DNMT3B|1789
DONSON|29980
DSC2|1824
DSC3|1825
DSCC1|79075
DSG1|1828
DSN1|79980
DUSP7|1849
DUSP9|1852
DYNLRB2|83657
E2F1|1869
E2F2|1870
E2F3|1871
EAPP|55837
ECE2|9718
EDA2R|60401
EFCAB6|64800
EIF2C2|27161
EIF2S2|8894
EME1|146956
EN1|2019
ENO1|2023
ENPP1|5167
ENY2|56943
EPB41L4A|64097
EPHB1|2047
EPHB6|2051
ERBB4|2066
ERGIC1|57222
ESR1|2099
ESYT3|83850
EVL|51466
EXO1|9156
EXOC6|54536
EZH2|2146
F7|2155
FAAH|2166
FABP7|2173
FAF1|11124
FAM114A2|10827
FAM120AOS|158293
FAM123B|139285
FAM134B|54463
FAM136A|84908
FAM150B|285016
FAM161B|145483
FAM171A1|221061
FAM174A|345757
FAM174B|400451
FAM179B|23116
FAM198B|51313
FAM19A3|284467
FAM19A4|151647
FAM47E|100129583
FAM54A|113115
FAM63A|55793
FAM64A|54478
FAM72A|729533
FAM72B|653820
FAM72D|728833
FAM83D|81610
FANCA|2175
FANCB|2187
FANCE|2178
FAT2|2196
FBN3|84467
FBP1|2203
FBXL17|64839
FBXL5|26234
FBXO36|130888
FEN1|2237
FERMT1|55612
FGD3|89846
FGFBP1|9982
FLAD1|80308
FLJ36031|168455
FLJ45983|399717
FMO5|2330
FMO6P|388714
FNIP1|96459
FOXA1|3169
FOXC1|2296
FOXM1|2305
FOXP1|27086
FRY|10129
FSCN1|6624
FSD1|79187
FSIP1|161835
FUT8|2530
FZD9|8326
GABBR2|9568
GABRA5|2558
GABRP|2568
GALNT10|55568
GAL|51083
GAMT|2593
GARS|2617
GART|2618
GATA3|2625
GDF5|8200
GFRA1|2674
GFRA3|2676
GGH|8836
GIN1|54826
GINS1|9837
GINS3|64785
GINS4|84296
GJB3|2707
GLI3|2737
GLIPR1L2|144321
GLT25D1|79709
GMPR2|51292
GMPS|8833
GOLGA1|2800
GP2|2813
GPD1L|23171
GPIHBP1|338328
GPM6B|2824
GPN1|11321
GPR12|2835
GPR156|165829
GPR160|26996
GPR161|23432
GPR77|27202
GPR81|27198
GPRASP1|9737
GPSM2|29899
GREB1|9687
GRM6|2916
GRPR|2925
GSG2|83903
GSTP1|2950
GTPBP4|23560
GTPBP8|29083
GTSE1|51512
H2AFZ|3015
HAPLN3|145864
HDAC2|3066
HDGF|3068
HEXIM1|10614
HHAT|55733
HIST1H2AH|85235
HJURP|55355
HMGA1|3159
HORMAD1|84072
HPDL|84842
HRCT1|646962
HRK|8739
HSD17B4|3295
HSPA14|51182
IFFO2|126917
IFRD1|3475
IFT140|9742
IGBP1|3476
IGF1R|3480
IGF2BP2|10644
IGF2BP3|10643
IGFALS|3483
IGFBP4|3487
IL12RB2|3595
IL34|146433
ILF2|3608
IMPA2|3613
INA|9118
INGX|27160
INPP4B|8821
INPP5J|27124
IRS1|3667
IRX1|79192
ISL2|64843
ITPR1|3708
IVD|3712
JKAMP|51528
KARS|3735
KCMF1|56888
KCNG1|3755
KCNH1|3756
KCNJ11|3767
KCNK15|60598
KCNK5|8645
KCNQ4|9132
KCNS1|3787
KCTD3|51133
KCTD6|200845
KDM4B|23030
KIAA0020|9933
KIAA0040|9674
KIAA0141|9812
KIAA0232|9778
KIAA1370|56204
KIAA1407|57577
KIAA1467|57613
KIAA1524|57650
KIAA1609|57707
KIF11|3832
KIF13B|23303
KIF14|9928
KIF15|56992
KIF16B|55614
KIF18A|81930
KIF18B|146909
KIF20A|10112
KIF23|9493
KIF2C|11004
KIF4A|24137
KIF4B|285643
KIFC1|3833
KLHDC1|122773
KLHDC2|23588
KLHDC7A|127707
KLHDC9|126823
KLHL29|114818
KLK6|5653
KLK7|5650
KLK8|11202
KPNA2|3838
KRT16|3868
KRT6B|3854
KRT6C|286887
KRT83|3889
KRT9|3857
L3MBTL4|91133
LANCL3|347404
LBR|3930
LCMT2|9836
LCTL|197021
LDHB|3945
LEMD1|93273
LEPREL1|55214
LIMA1|51474
LIN28B|389421
LMO4|8543
LMOD1|25802
LMX1B|4010
LOC100127888|100127888
LOC100128977|100128977
LOC100130148|100130148
LOC100190939|100190939
LOC145837|145837
LOC284578|284578
LOC285629|285629
LOC728264|728264
LOC84740|84740
LOC84856|84856
LONRF2|164832
LPIN1|23175
LPO|4025
LRBA|987
LRIG1|26018
LRP8|7804
LRRC46|90506
LRRC48|83450
LRRC50|123872
LRTOMT|220074
LY6D|8581
LYAR|55646
MAB21L1|4081
MAD2L1|4085
MAGEB4|4115
MAGED2|10916
MAGOH|4116
MAG|4099
MAMDC2|256691
MAML3|55534
MAN2B2|23324
MAP2|4133
MAP3K12|7786
MAPK4|5596
MAPT|4137
MASTL|84930
MATN4|8785
MCCC2|64087
MCM10|55388
MCM2|4171
MCM3|4172
MCM4|4173
MCM6|4175
MCM7|4176
MDGA2|161357
MED30|90390
MEIS3P1|4213
MELK|9833
MEMO1|51072
MFGE8|4240
MFI2|4241
MGC3771|81854
MIA|8190
MICALL1|85377
MID1|4281
MKL2|57496
MLPH|79083
MND1|84057
MOAP1|64112
MOBKL2B|79817
MPHOSPH6|10200
MPP6|51678
MPP7|143098
MRPL15|29088
MRPL37|51253
MRPL47|57129
MSH6|2956
MSL3|10943
MSLN|10232
MTERFD1|51001
MTHFD1L|25902
MYBL2|4605
MYH11|4629
MYO10|4651
MYO5C|55930
MYRIP|25924
NASP|4678
NAT1|9
NBEA|26960
NBR1|4077
NCAM2|4685
NCAPD2|9918
NCAPG2|54892
NCAPG|64151
NCAPH|23397
NCK2|8440
NCRNA00092|100188953
NCRNA00162|378825
NDC80|10403
NDUFAF4|29078
NEIL3|55247
NEK10|152110
NEK11|79858
NEK5|341676
NEK9|91754
NIP7|51388
NME5|8382
NOL10|79954
NOP2|4839
NOP58|51602
NOSTRIN|115677
NOTCH1|4851
NOVA1|4857
NPM2|10361
NPNT|255743
NR2E1|7101
NRG2|9542
NRIP2|83714
NRTN|4902
NT5DC2|64943
NUBPL|80224
NUDCD1|84955
NUDT12|83594
NUDT16|131870
NUDT5|11164
NUF2|83540
NUP93|9688
NXNL2|158046
NXN|64359
NXPH3|11248
OCA2|4948
ODC1|4953
OIP5|11339
OLAH|55301
OPRK1|4986
ORC1L|4998
ORC6L|23594
OSCP1|127700
OSR1|130497
P4HTM|54681
PAK1IP1|55003
PAMR1|25891
PAPD7|11044
PAPL|390928
PAPSS1|9061
PCBD2|84105
PCDH8|5100
PCNA|5111
PCSK4|54760
PDCD5|9141
PDE7A|5150
PDE9A|5152
PDGFD|80310
PDIA6|10130
PDSS1|23590
PEX11A|8800
PFKP|5214
PGBD5|79605
PGGT1B|5229
PGLYRP2|114770
PGLYRP4|57115
PGM5|5239
PGPEP1|54858
PGR|5241
PHF15|23338
PHGDH|26227
PHOSPHO2|493911
PHYHD1|254295
PI3|5266
PIF1|80119
PLK1|5347
PLK4|10733
PLOD1|5351
PM20D2|135293
PNMA3|29944
PNO1|56902
PNPLA4|8228
PNPLA7|375775
POLQ|10721
POLR1E|64425
POLR2D|5433
POLR3G|10622
POP1|10940
POU4F1|5457
POU5F1|5460
PPP1R14C|81706
PPYR1|5540
PRC1|9055
PRDM13|59336
PREX1|57580
PRICKLE2|166336
PRIM2|5558
PRKAB1|5564
PRKX|5613
PRNP|5621
PRR15|222171
PRRT3|285368
PRSS12|8492
PRSS33|260429
PRTFDC1|56952
PSAPL1|768239
PSAT1|29968
PSMB2|5690
PSMD14|10213
PSME4|23198
PSMG1|8624
PTCHD1|139411
PTDSS1|9791
PTGR2|145482
PTPN2|5771
PTPRT|11122
PTPRZ1|5803
PTTG1|9232
PTTG3P|26255
PTX3|5806
PVR|5817
RAB5B|5869
RABEP1|9135
RACGAP1|29127
RAD51AP1|10635
RAD51|5888
RAD54B|25788
RAD54L|8438
RAET1L|154064
RAI2|10742
RALGAPA1|253959
RALGPS2|55103
RANBP1|5902
RAN|5901
RAPGEF3|10411
RARA|5914
RARRES1|5918
RASGEF1C|255426
RBM17|84991
RBM28|55131
RBM38|55544
RCOR2|283248
RDH10|157506
REEP1|65055
REEP5|7905
REEP6|92840
RERG|85004
RFC2|5982
RFC4|5984
RGMA|56963
RGR|5995
RGS20|8601
RGS22|26166
RHCG|51458
RHEB|6009
RHOB|388
RIOK1|83732
RIPK2|8767
RLBP1|6017
RMND5B|64777
RNASE4|6038
RNASEH1|246243
RND1|27289
RNF103|7844
RNF145|153830
RNF8|9025
ROPN1B|152015
ROPN1|54763
RPH3AL|9501
RPIA|22934
RPP40|10799
RRP1B|23076
RSU1|6251
RTN4RL1|146760
RUNDC1|146923
S100B|6285
SALL2|6297
SBSN|374897
SCCPDH|51097
SCHIP1|29970
SCN2B|6327
SCN4B|6330
SCN7A|6332
SCNN1A|6337
SCRG1|11341
SCUBE2|57758
SDPR|8436
SEC14L4|284904
SEC16A|9919
SEH1L|81929
SEMA3B|7869
SEMA3C|10512
SEMA3F|6405
SEPHS1|22929
SEPSECS|51091
SERBP1|26135
SERPINA11|256394
SERPINA5|5104
SERPINB5|5268
SF3A3|10946
SFRP1|6422
SFRS13B|135295
SFT2D2|375035
SGOL1|151648
SGOL2|151246
SH3GL3|6457
SHC4|399694
SHCBP1|79801
SIDT1|54847
SKA1|220134
SKA3|221150
SKP1|6500
SKP2|6502
SLC15A1|6564
SLC16A1|6566
SLC16A6|9120
SLC22A16|85413
SLC22A5|6584
SLC24A1|9187
SLC25A13|10165
SLC25A19|60386
SLC26A9|115019
SLC39A6|25800
SLC39A9|55334
SLC40A1|30061
SLC43A3|29015
SLC44A4|80736
SLC46A1|113235
SLC4A8|9498
SLC6A11|6538
SLC6A14|11254
SLC6A15|55117
SLC6A2|6530
SLC7A13|157724
SLC7A2|6542
SLC7A5|8140
SLC7A8|23428
SMG5|23381
SMOC1|64093
SNED1|25992
SNRPA1|6627
SNRPG|6637
SNX32|254122
SOSTDC1|25928
SOX10|6663
SOX11|6664
SOX8|30812
SPAG5|10615
SPARCL1|8404
SPATA20|64847
SPDEF|25803
SPEF1|25876
SPEF2|79925
SPG11|80208
SPRY2|10253
SRD5A1|6715
SRPK1|6732
SSH3|54961
ST3GAL6|10402
ST8SIA1|6489
STAC|6769
STIL|6491
STK32B|55351
STK38|11329
STMN1|3925
SUGT1L1|283507
SUOX|6821
SUSD3|203328
SUV39H2|79723
SYBU|55638
SYNJ2BP|55333
SYNM|23336
SYT17|51760
SYT9|143425
SYTL2|54843
SYTL4|94121
SYTL5|94122
TADA2B|93624
TAF11|6882
TAF5|6877
TAPT1|202018
TBC1D7|51256
TBC1D9|23158
TBX19|9095
TCAM1P|146771
TCEAL1|9338
TCEAL7|56849
TCF19|6941
TCF7L1|83439
TCTN1|79600
TENC1|23371
TEX10|54881
TFF1|7031
TFF3|7033
TGM1|7051
THSD4|79875
TIGD2|166815
TIGD6|81789
TIMM8A|1678
TINAGL1|64129
TLE3|7090
TLX3|30012
TMBIM4|51643
TMBIM6|7009
TMC5|79838
TMCC2|9911
TMEM144|55314
TMEM171|134285
TMEM206|55248
TMEM25|84866
TMEM39B|55116
TMEM62|80021
TMEM74|157753
TMPRSS6|164656
TMSB15A|11013
TOX4|9878
TP53INP1|94241
TPCN1|53373
TPRG1|285386
TPSG1|25823
TPX2|22974
TRIM15|89870
TRIM29|23650
TRIM2|23321
TRIM3|10612
TRIM43|129868
TRIML2|205860
TRIP13|9319
TROAP|10024
TRPM8|79054
TSC22D3|1831
TSLP|85480
TSPAN13|27075
TSPAN15|23555
TSPAN1|10103
TTC18|118491
TTC28|23331
TTC36|143941
TTC7A|57217
TTC8|123016
TTK|7272
TTLL4|9654
TTYH1|57348
TUBA1C|84790
TUBA3D|113457
TUBA3E|112714
TUBB|203068
TYMS|7298
UBASH3B|84959
UBE2C|11065
UBE2E3|10477
UBE2T|29089
UBE2V2|7336
UBXN10|127733
UBXN2A|165324
UCK2|7371
UGT8|7368
ULBP1|80329
ULBP2|80328
ULBP3|79465
UPF0639|400224
UQCRHL|440567
UQCRH|7388
USP30|84749
UTP11L|51118
VGLL1|51442
VIPR1|7433
VPS39|23339
WDR19|57728
WDR65|149465
WDR67|93594
WDR77|79084
WDR93|56964
WFS1|7466
WNK4|65266
WNT6|7475
WWP1|11059
XBP1|7494
XPC|7508
XPO5|57510
YARS|8565
YBX1|4904
YEATS2|55689
ZBTB16|7704
ZBTB42|100128927
ZBTB4|57659
ZBTB7A|51341
ZER1|10444
ZIC1|7545
ZIC4|84107
ZMAT1|84460
ZMYND10|51364
ZNF280A|129025
ZNF396|252884
ZNF442|79973
ZNF454|285676
ZNF467|168544
ZNF552|79818
ZNF695|57116
ZNF703|80139
ZNF763|284390
A2LD1
A2ML1
ABAT
ABCA13
ABCC11
ABHD3
ABT1
ACSM2A
ACSM5
ACYP1
ADAM8
ADAMTS3
ADAMTSL5
ADAP1
ADCY3
ADCY4
ADCYAP1R1
ADORA3
AGR2
AGR3
AHCYL2
AHSG
AHSP
AKNAD1
AKR1E2
ALDH1A3
ALDH3A1
ALDH5A1
ALPL
AMHR2
ANGEL2
ANGPTL2
ANKRD53
ANKS1B
ANXA8L2
ANXA9
APBA2
APOBEC4
AQP7P1
AQP7P2
ARAP3
ARHGAP10
ARHGAP21
ARHGAP28
ARHGEF1
ARHGEF10L
ARHGEF2
ARID2
ARL4C
ARNTL2
ARRDC2
ASAP2
ASB16
ASF1A
ASPRV1
ATOH8
ATP10B
ATP6AP1L
ATP8B1
AUH
AVEN
B3GNT5
B3GNTL1
B4GALT6
BAG3
BAIAP3
BARD1
BARHL2
BASE
BCAN
BCAS1
BCAS4
BCL10
BCL2L1
BGLAP
BHLHE40
BIN2
BIN3
BIRC5
BLID
BLOC1S1
BNC1
BPI
BPIL1
BRF2
BRI3
BTG3
C10orf108
C10orf125
C10orf81
C10orf90
C10orf91
C11orf34
C11orf86
C11orf91
C11orf92
C12orf34
C14orf182
C14orf70
C14orf72
C15orf21
C15orf50
C15orf62
C16orf5
C16orf62
C16orf68
C17orf28
C17orf64
C19orf38
C19orf59
C19orf60
C1QL1
C1QL4
C1orf110
C1orf125
C1orf129
C1orf174
C1orf201
C1orf35
C1orf59
C1orf64
C1orf96
C20orf24
C20orf95
C21orf122
C21orf130
C21orf15
C21orf57
C21orf67
C21orf82
C22orf31
C2CD4C
C2orf48
C2orf52
C2orf58
C2orf61
C2orf81
C2orf88
C3orf16
C3orf32
C3orf42
C3orf64
C4orf51
C5AR1
C5orf37
C5orf39
C6orf124
C6orf223
C7orf16
C7orf29
C7orf30
C7orf65
C8B
C8ORFK29
C8orf46
C9
C9orf46
C9orf98
CA12
CADPS2
CAMK2N1
CAPN1
CASP2
CAV2
CBFA2T3
CCDC150
CCDC67
CCDC86
CCDC90B
CCHCR1
CCR10
CD200R1
CD22
CD38
CD8A
CDC14C
CDC25A
CDH26
CDH5
CDK14
CDK2AP1
CDKN2B
CDKN2BAS
CEBPA
CGN
CHD1
CHI3L1
CHI3L2
CHORDC1
CHRM3
CHST2
CHST3
CHST4
CIB3
CLDN25
CLIC3
CLIC6
CMBL
COCH
COL16A1
COLQ
COQ3
CORO2A
COX6B2
CP
CPA6
CPD
CPM
CPNE7
CPT1A
CR1
CRISP2
CRY2
CRYAB
CRYBB1
CRYBB2
CSF1
CSF3
CST11
CST4
CST7
CST8
CST9L
CSTA
CSTL1
CSTT
CT62
CTPS
CTSA
CUL9
CX3CL1
CXCR6
CYP11B2
CYP20A1
CYP26B1
CYP2A13
CYP2A6
CYP2A7
CYP2F1
CYP4F22
CYP4F3
CYS1
CYTL1
DAPK1
DARC
DCAF4
DCTN1
DDAH1
DEFB118
DENND5B
DEPDC6
DGAT2
DHCR7
DHX40P
DHX58
DLGAP5
DLX2
DNAJC6
DNALI1
DNM3
DOK5
DSC3
DSCR9
DTYMK
DUSP5
DUSP7
DYRK2
E2F5
EAPP
ECT2L
EEF1A2
EFR3B
EGOT
EGR4
EHD1
EIF3G
ELAC1
ELANE
ELF5
EMILIN2
EML6
EMX1
EN1
ENO1
ENPP2
EPHB3
EPHB6
EPOR
EPR1
EPS8L1
ESYT2
ETNK1
EVI5L
EXOC8
EXTL3
F2
F2R
FABP7
FABP9
FAM110B
FAM118A
FAM124B
FAM125B
FAM177B
FAM181B
FAM198A
FAM198B
FAM19A3
FAM57A
FAM57B
FAM63A
FAM65C
FAM69B
FAM74A3
FANCG
FBRSL1
FBXL22
FBXL6
FBXL7
FCGR2B
FES
FFAR1
FFAR3
FGD4
FGF19
FHAD1
FLJ14107
FLJ35024
FLJ41856
FLJ41941
FLJ42627
FOLR2
FOXA1
FOXC1
FOXD1
FOXD3
FOXG1
FRMPD1
FRS2
FSCB
FUT3
FUT4
FUT7
FXR1
FYCO1
FZD7
G3BP1
GABRP
GAL3ST4
GALT
GAS1
GDPD5
GFPT1
GGN
GHITM
GIT1
GMDS
GMPR
GORASP2
GOSR1
GP1BA
GPR109A
GPR161
GPR183
GPR20
GPR37L1
GPRIN2
GPSM2
GPX7
GRAMD2
GRHPR
GRIK4
GRIN3B
GSR
GSTA2
GSTA4
GYPC
HAS2
HAS2AS
HBQ1
HCLS1
HCRTR1
HDAC7
HERC5
HGC6.3
HGFAC
HIF3A
HIGD1A
HIST1H1A
HLA-E
HLA-F
HLTF
HMGCS2
HN1
HORMAD1
HOXA1
HOXA10
HOXD11
HPX
HSPB2
HYAL4
IAPP
ID1
ID4
IFFO2
IFI35
IGFALS
IGFBP3
IGFBP4
IGSF21
IL12RB1
IL15RA
IL17RA
IL1B
IL1F5
IL20
IL23A
IL4I1
INA
INS
IQSEC1
IRF1
ISCA1
ITGA4
ITGAM
ITGB8
ITPKB
ITPRIP
KAAG1
KCNE3
KCNJ16
KCNK5
KCNRG
KCTD3
KDM2B
KIAA0040
KIAA0513
KIAA0922
KIAA1147
KIAA1529
KIAA1949
KLHDC9
KLHL21
KLHL25
KRT17
KRT18
KRT4
KRTAP12-3
KRTAP3-1
KRTAP3-2
KRTAP3-3
KRTAP5-10
KRTDAP
KSR1
L3MBTL2
LAIR1
LAMA3
LAMA5
LAMB3
LARGE
LBR
LCTL
LEFTY2
LEMD1
LEMD2
LGALS2
LGALS8
LGALS9C
LHX1
LIMD2
LIMK1
LIPC
LMF1
LMOD3
LNX1
LOC100128675
LOC100129637
LOC100130264
LOC100130331
LOC100132215
LOC100134259
LOC100188947
LOC100271715
LOC100287216
LOC145814
LOC145837
LOC153684
LOC282997
LOC283174
LOC284233
LOC285548
LOC285692
LOC339524
LOC375196
LOC388796
LOC399959
LOC400804
LOC401093
LOC401127
LOC440335
LOC554202
LOC645638
LOC648691
LOC727677
LOC728276
LOC728640
LOC80054
LOX
LPHN1
LRFN4
LRP2BP
LRP4
LRRC10B
LRRC25
LRRC47
LRRC6
LRRC8C
LRRC8D
LRRN4
LTC4S
LUZP1
LY6D
LYPD1
LZTS1
MAB21L1
MAG
MALL
MAP1LC3B2
MAZ
MED1
MED9
MEIS3
MEOX1
MEP1A
MESP1
METTL11A
METTL11B
MFAP1
MFAP2
MFI2
MFSD1
MGC16025
MGST1
MIA
MICALCL
MIR100
MIR124-2
MIR1275
MIR1276
MIR128-1
MIR1280
MIR1304
MIR135A2
MIR135B
MIR181C
MIR181D
MIR190B
MIR1914
MIR25
MIR26B
MIR365-1
MIR548A2
MIR548F5
MIR549
MIR563
MIR623
MIR641
MIR645
MIR647
MIR802
MIR877
MIR921
MKL2
MLC1
MLPH
MLXIP
MMP7
MORN3
MPPED1
MRRF
MS4A1
MS4A14
MS4A5
MT1DP
MTHFR
MTHFSD
MTSS1L
MUC1
MXD3
MYO10
MYO1D
MYO1G
MYST4
MYT1
N4BP1
NACAP1
NANS
NBEA
NCRNA00092
NCRNA00203
NDRG2
NEK6
NES
NEURL2
NEXN
NFAM1
NFE2L3
NFIL3
NFIX
NFYB
NHEDC2
NHLRC4
NKAIN1
NKAPL
NLRP8
NMUR2
NOL10
NOP56
NOSTRIN
NOTCH1
NPFFR1
NPIPL3
NPSR1
NR2F6
NSUN5B
NSUN5C
OAF
ODC1
ODF1
OR10G2
OR10P1
OR11G2
OR11H12
OR11H6
OR1J4
OR2S2
OR4N2
OR4N5
OR52B6
OR7C1
OR7G1
OR8A1
OR9A4
OSM
OTOS
P2RY11
PA2G4P4
PABPC4L
PALLD
PALM
PAPPA2
PAQR9
PARVG
PC
PCDH8
PCDHB11
PCDHB12
PCDHB13
PCDHB8
PCMT1
PCYT2
PDCD1LG2
PDCD4
PDILT
PDLIM2
PDLIM3
PECI
PGLYRP1
PGLYRP2
PGR
PHGR1
PHYHIPL
PIGB
PIK3C2A
PISRT1
PKN1
PLA2G4A
PLA2G4C
PLAC9
PLEKHF1
PLEKHF2
PMEPA1
PODN
POLE2
POU3F3
POU4F1
PPAN
PPAN-P2RY11
PPARD
PPM1L
PPP1R2
PPP4R1
PRAM1
PRAME
PRAP1
PRLH
PROKR2
PROM1
PROSC
PRR5
PRR5L
PRSSL1
PRX
PSAT1
PSMD6
PTH2R
PTPN22
PVR
RAB22A
RAB7L1
RAB8B
RAE1
RALB
RALGPS1
RANBP3L
RAPGEF1
RARA
RARG
RASSF1
RASSF4
RBM38
RBP1
RBP2
RCN3
RECK
REP15
RET
RFESD
RGS10
RGS17
RGS20
RIMBP3B
RIMBP3C
RIPK4
RLBP1
RMST
RNASE10
RNF133
RNF144A
RNF2
RNF216
RNF44
ROPN1
ROPN1B
RP1
RPL23
RPS15A
RPS2P32
RPS6KL1
RRN3P1
RSAD1
RTN4R
RUSC2
S100A2
S100A4
S100A7
S100A9
S1PR4
SAMD12
SAMD4B
SAMD8
SAMSN1
SCARNA4
SCARNA6
SCGB3A1
SCNN1A
SCRG1
SCUBE1
SCUBE2
SDHB
SEMA6B
SENP3
SEPT12
SERPINA12
SERPINA13
SERPINA5
SERPINB12
SERPINB2
SF3B3
SFRS13A
SFRS13B
SFRS5
SFRS7
SFT2D2
SH2D7
SH3BGRL3
SH3TC2
SIAH2
SIK1
SIRPD
SLC10A4
SLC14A1
SLC18A1
SLC22A2
SLC25A33
SLC25A37
SLC26A1
SLC30A10
SLC30A4
SLC35C1
SLC38A2
SLC38A8
SLC43A2
SLC43A3
SLC4A11
SLC5A12
SLC7A13
SLC7A5
SLC7A5P1
SLC7A5P2
SLC8A1
SLC9A9
SLMO1
SLMO2
SMARCB1
SMC5
SMURF1
SNAR-C1
SNAR-C2
SNAR-C5
SNORA1
SNORA18
SNORA23
SNORA30
SNORA41
SNORA42
SNORA51
SNORA5B
SNORA60
SNORA61
SNORA71B
SNORA74A
SNORA8
SNORA80B
SNORD111B
SNORD123
SNORD18B
SNORD18C
SNORD19
SNORD1B
SNORD21
SNORD32B
SNORD4B
SNORD5
SNORD82
SNORD86
SNORD93
SNORD99
SNRPF
SNX10
SNX18
SNX32
SORL1
SOS2
SOSTDC1
SOX10
SOX11
SOX2
SOX21
SOX9
SP8
SPARCL1
SPATA13
SPDEF
SPINT4
SPOCK2
SPP2
SPTBN4
SSBP2
SSPN
ST8SIA1
ST8SIA6
STAT3
STK38L
STON2
SULT1A1
SYDE1
SYNE2
SYNJ2BP
SYPL1
SYTL3
T-SP1
TACC1
TAF1B
TAGLN
TAL2
TANK
TAPT1
TAS2R13
TAS2R14
TAS2R41
TBC1D1
TBC1D23
TBC1D9
TBCK
TBX19
TBX21
TCAM1
TCF20
TDRG1
TET1
TEX19
TF
TFF1
TFF3
TGFB1
TGFBR1
THBS1
THRSP
TIGD2
TKTL2
TLR1
TLR9
TLX3
TM4SF18
TM4SF4
TMC6
TMC8
TMEFF1
TMEM135
TMEM158
TMEM171
TMEM194B
TMEM207
TMEM22
TMEM26
TMEM71
TMPRSS2
TMPRSS5
TMPRSS6
TNFRSF10A
TNFRSF13C
TNFSF13B
TNFSF18
TNNI3K
TNNT2
TNP1
TP73
TPSD1
TRA2B
TRABD
TRAPPC3
TRIM16L
TRIM9
TRPM4
TTC33
TTC36
TTYH3
UBAC2
UBE2N
UBE2R2
UCHL1
UCKL1
UCN
UGT2B11
UGT2B15
UGT8
UMOD
UPK3B
USP49
VAPA
VGLL4
VHL
VIM
VKORC1
VLDLR
VWCE
WARS
WDR67
WNK2
WNT2
WSB1
WWP2
WWTR1
XRN1
ZBTB16
ZBTB43
ZCCHC11
ZCCHC8
ZDBF2
ZFP106
ZFPM1
ZIC2
ZIC5
ZMIZ2
ZMYND17
ZNF212
ZNF320
ZNF454
ZNF485
ZNF516
ZNF518A
ZNF521
ZNF532
ZNF589
ZNF609
ZNF671
ZNF80
ZP4
ZSWIM2
hsa-let-7a-1
hsa-let-7a-2
hsa-let-7a-3
hsa-let-7b
hsa-let-7c
hsa-let-7d
hsa-let-7e
hsa-let-7f-1
hsa-let-7f-2
hsa-let-7g
hsa-let-7i
hsa-mir-1-2
hsa-mir-100
hsa-mir-101-1
hsa-mir-101-2
hsa-mir-103-1
hsa-mir-103-2
hsa-mir-105-1
hsa-mir-105-2
hsa-mir-106a
hsa-mir-106b
hsa-mir-107
hsa-mir-10a
hsa-mir-10b
hsa-mir-1179
hsa-mir-1180
hsa-mir-1181
hsa-mir-1185-1
hsa-mir-1185-2
hsa-mir-1224
hsa-mir-1226
hsa-mir-1228
hsa-mir-1229
hsa-mir-1245
hsa-mir-1247
hsa-mir-1248
hsa-mir-1249
hsa-mir-1251
hsa-mir-1254
hsa-mir-1255a
hsa-mir-1258
hsa-mir-125a
hsa-mir-125b-1
hsa-mir-125b-2
hsa-mir-126
hsa-mir-1262
hsa-mir-1266
hsa-mir-1269
hsa-mir-127
hsa-mir-1270-1
hsa-mir-1270-2
hsa-mir-1271
hsa-mir-1274b
hsa-mir-1275
hsa-mir-1276
hsa-mir-1277
hsa-mir-128-1
hsa-mir-128-2
hsa-mir-1284
hsa-mir-1287
hsa-mir-1288
hsa-mir-129-1
hsa-mir-129-2
hsa-mir-1291
hsa-mir-1292
hsa-mir-1294
hsa-mir-1295
hsa-mir-1296
hsa-mir-1301
hsa-mir-1304
hsa-mir-1306
hsa-mir-1307
hsa-mir-130a
hsa-mir-130b
hsa-mir-132
hsa-mir-133a-1
hsa-mir-133b
hsa-mir-134
hsa-mir-135a-1
hsa-mir-135a-2
hsa-mir-135b
hsa-mir-136
hsa-mir-137
hsa-mir-138-1
hsa-mir-138-2
hsa-mir-139
hsa-mir-140
hsa-mir-141
hsa-mir-142
hsa-mir-143
hsa-mir-144
hsa-mir-145
hsa-mir-1468
hsa-mir-146a
hsa-mir-146b
hsa-mir-147b
hsa-mir-148a
hsa-mir-148b
hsa-mir-149
hsa-mir-150
hsa-mir-151
hsa-mir-152
hsa-mir-153-1
hsa-mir-153-2
hsa-mir-1537
hsa-mir-1538
hsa-mir-154
hsa-mir-155
hsa-mir-15a
hsa-mir-15b
hsa-mir-16-1
hsa-mir-16-2
hsa-mir-17
hsa-mir-181a-1
hsa-mir-181a-2
hsa-mir-181b-1
hsa-mir-181b-2
hsa-mir-181c
hsa-mir-181d
hsa-mir-182
hsa-mir-183
hsa-mir-184
hsa-mir-185
hsa-mir-186
hsa-mir-187
hsa-mir-188
hsa-mir-18a
hsa-mir-18b
hsa-mir-190
hsa-mir-190b
hsa-mir-191
hsa-mir-1910
hsa-mir-192
hsa-mir-193a
hsa-mir-193b
hsa-mir-194-1
hsa-mir-194-2
hsa-mir-195
hsa-mir-196a-1
hsa-mir-196a-2
hsa-mir-196b
hsa-mir-197
hsa-mir-1976
hsa-mir-199a-1
hsa-mir-199a-2
hsa-mir-199b
hsa-mir-19a
hsa-mir-19b-1
hsa-mir-19b-2
hsa-mir-200a
hsa-mir-200b
hsa-mir-200c
hsa-mir-202
hsa-mir-203
hsa-mir-204
hsa-mir-205
hsa-mir-206
hsa-mir-20a
hsa-mir-20b
hsa-mir-21
hsa-mir-210
hsa-mir-2110
hsa-mir-2114
hsa-mir-2115
hsa-mir-2116
hsa-mir-212
hsa-mir-214
hsa-mir-215
hsa-mir-216a
hsa-mir-217
hsa-mir-218-1
hsa-mir-218-2
hsa-mir-219-1
hsa-mir-219-2
hsa-mir-22
hsa-mir-221
hsa-mir-222
hsa-mir-223
hsa-mir-224
hsa-mir-2276
hsa-mir-2277
hsa-mir-2355
hsa-mir-23a
hsa-mir-23b
hsa-mir-23c
hsa-mir-24-1
hsa-mir-24-2
hsa-mir-25
hsa-mir-26a-1
hsa-mir-26a-2
hsa-mir-26b
hsa-mir-27a
hsa-mir-27b
hsa-mir-28
hsa-mir-296
hsa-mir-299
hsa-mir-29a
hsa-mir-29b-1
hsa-mir-29b-2
hsa-mir-29c
hsa-mir-301a
hsa-mir-301b
hsa-mir-3065
hsa-mir-3074
hsa-mir-30a
hsa-mir-30b
hsa-mir-30c-1
hsa-mir-30c-2
hsa-mir-30d
hsa-mir-30e
hsa-mir-31
hsa-mir-3117
hsa-mir-3127
hsa-mir-3129
hsa-mir-3130-1
hsa-mir-3136
hsa-mir-3150
hsa-mir-3150b
hsa-mir-3157
hsa-mir-3158-2
hsa-mir-3170
hsa-mir-3173
hsa-mir-3174
hsa-mir-3176
hsa-mir-3178
hsa-mir-3187
hsa-mir-3188
hsa-mir-3190
hsa-mir-3191
hsa-mir-3193
hsa-mir-3194
hsa-mir-3199-1
hsa-mir-3199-2
hsa-mir-32
hsa-mir-3200
hsa-mir-320a
hsa-mir-320b-2
hsa-mir-320c-1
hsa-mir-320c-2
hsa-mir-320d-1
hsa-mir-320d-2
hsa-mir-320e
hsa-mir-323
hsa-mir-323b
hsa-mir-324
hsa-mir-326
hsa-mir-328
hsa-mir-329-1
hsa-mir-329-2
hsa-mir-330
hsa-mir-331
hsa-mir-335
hsa-mir-337
hsa-mir-338
hsa-mir-339
hsa-mir-33a
hsa-mir-33b
hsa-mir-340
hsa-mir-342
hsa-mir-345
hsa-mir-346
hsa-mir-34a
hsa-mir-34b
hsa-mir-34c
hsa-mir-3605
hsa-mir-3607
hsa-mir-3609
hsa-mir-361
hsa-mir-3610
hsa-mir-3613
hsa-mir-3614
hsa-mir-3615
hsa-mir-3619
hsa-mir-362
hsa-mir-3620
hsa-mir-3622a
hsa-mir-363
hsa-mir-3647
hsa-mir-3648
hsa-mir-365-1
hsa-mir-365-2
hsa-mir-3651
hsa-mir-3652
hsa-mir-3653
hsa-mir-3654
hsa-mir-3655
hsa-mir-3662
hsa-mir-3664
hsa-mir-3667
hsa-mir-3676
hsa-mir-3677
hsa-mir-3678
hsa-mir-3680
hsa-mir-3682
hsa-mir-3684
hsa-mir-3687
hsa-mir-369
hsa-mir-3690
hsa-mir-3691
hsa-mir-370
hsa-mir-372
hsa-mir-374a
hsa-mir-374b
hsa-mir-374c
hsa-mir-375
hsa-mir-376a-1
hsa-mir-376a-2
hsa-mir-376b
hsa-mir-376c
hsa-mir-377
hsa-mir-378
hsa-mir-378c
hsa-mir-379
hsa-mir-380
hsa-mir-381
hsa-mir-382
hsa-mir-383
hsa-mir-3909
hsa-mir-3912
hsa-mir-3913-1
hsa-mir-3917
hsa-mir-3922
hsa-mir-3926-1
hsa-mir-3926-2
hsa-mir-3928
hsa-mir-3934
hsa-mir-3940
hsa-mir-3941
hsa-mir-3942
hsa-mir-3944
hsa-mir-409
hsa-mir-410
hsa-mir-411
hsa-mir-412
hsa-mir-421
hsa-mir-423
hsa-mir-424
hsa-mir-425
hsa-mir-4286
hsa-mir-429
hsa-mir-431
hsa-mir-432
hsa-mir-4326
hsa-mir-433
hsa-mir-449a
hsa-mir-449b
hsa-mir-450a-1
hsa-mir-450a-2
hsa-mir-450b
hsa-mir-451
hsa-mir-452
hsa-mir-454
hsa-mir-455
hsa-mir-483
hsa-mir-484
hsa-mir-485
hsa-mir-486
hsa-mir-487a
hsa-mir-487b
hsa-mir-488
hsa-mir-489
hsa-mir-491
hsa-mir-493
hsa-mir-494
hsa-mir-495
hsa-mir-496
hsa-mir-497
hsa-mir-499
hsa-mir-500a
hsa-mir-500b
hsa-mir-501
hsa-mir-502
hsa-mir-503
hsa-mir-504
hsa-mir-505
hsa-mir-508
hsa-mir-509-1
hsa-mir-509-2
hsa-mir-509-3
hsa-mir-511-1
hsa-mir-511-2
hsa-mir-512-1
hsa-mir-512-2
hsa-mir-514-1
hsa-mir-514-2
hsa-mir-514-3
hsa-mir-516a-1
hsa-mir-516a-2
hsa-mir-517a
hsa-mir-517b
hsa-mir-518b
hsa-mir-518c
hsa-mir-518f
hsa-mir-519a-1
hsa-mir-519a-2
hsa-mir-520a
hsa-mir-520b
hsa-mir-522
hsa-mir-525
hsa-mir-526b
hsa-mir-532
hsa-mir-539
hsa-mir-541
hsa-mir-542
hsa-mir-543
hsa-mir-545
hsa-mir-548b
hsa-mir-548e
hsa-mir-548j
hsa-mir-548k
hsa-mir-548o
hsa-mir-548q
hsa-mir-548s
hsa-mir-548t
hsa-mir-548v
hsa-mir-550a-1
hsa-mir-550a-2
hsa-mir-551a
hsa-mir-551b
hsa-mir-552
hsa-mir-556
hsa-mir-561
hsa-mir-570
hsa-mir-574
hsa-mir-576
hsa-mir-577
hsa-mir-579
hsa-mir-580
hsa-mir-581
hsa-mir-582
hsa-mir-584
hsa-mir-585
hsa-mir-589
hsa-mir-590
hsa-mir-592
hsa-mir-598
hsa-mir-605
hsa-mir-607
hsa-mir-615
hsa-mir-616
hsa-mir-618
hsa-mir-624
hsa-mir-625
hsa-mir-627
hsa-mir-628
hsa-mir-629
hsa-mir-632
hsa-mir-636
hsa-mir-639
hsa-mir-641
hsa-mir-642a
hsa-mir-643
hsa-mir-651
hsa-mir-652
hsa-mir-653
hsa-mir-654
hsa-mir-655
hsa-mir-656
hsa-mir-658
hsa-mir-659
hsa-mir-660
hsa-mir-663
hsa-mir-664
hsa-mir-665
hsa-mir-671
hsa-mir-675
hsa-mir-676
hsa-mir-7-1
hsa-mir-7-2
hsa-mir-7-3
hsa-mir-708
hsa-mir-744
hsa-mir-758
hsa-mir-760
hsa-mir-765
hsa-mir-766
hsa-mir-767
hsa-mir-769
hsa-mir-874
hsa-mir-877
hsa-mir-885
hsa-mir-887
hsa-mir-889
hsa-mir-891a
hsa-mir-9-1
hsa-mir-9-2
hsa-mir-9-3
hsa-mir-92a-1
hsa-mir-92a-2
hsa-mir-92b
hsa-mir-93
hsa-mir-934
hsa-mir-935
hsa-mir-937
hsa-mir-939
hsa-mir-940
hsa-mir-942
hsa-mir-944
hsa-mir-95
hsa-mir-96
hsa-mir-98
hsa-mir-99a
hsa-mir-99b